"","band","ch"
"1",97888734,"0100010000000000000000"
"2",97888750,"0100010000000000000000"
"3",97888758,"0100010000000000000000"
"4",97888765,"0100000000000000000000"
"5",97888767,"0100000000000000000000"
"6",97888770,"0100010000000000000000"
"7",97888775,"0100010000000000000000"
"8",97888782,"0000010001000000000000"
"9",97888797,"0000010001000000000000"
"10",97888807,"0100000000000000000000"
"11",97888811,"0100000000000000000000"
"12",97888858,"0100010000000000000000"
"13",97888859,"0100000000000000000000"
"14",97888862,"0100010000000000000000"
"15",97888871,"0100010000000000000000"
"16",97888874,"0100010000000000000000"
"17",97888885,"0100000000000000000000"
"18",97888891,"0100010000000000000000"
"19",97888895,"0100000000000000000000"
"20",97888897,"0100000000000000000000"
"21",97889212,"0001000000000000000000"
"22",97889214,"0001000000000000000000"
"23",97889216,"0001000100000000000000"
"24",97889234,"0001000000000000000000"
"25",97889243,"0001000000000000000000"
"26",97889244,"0001000000000000000000"
"27",97889251,"0001000100000000000000"
"28",97889253,"0001000100000000000000"
"29",97889254,"0001000000000000000000"
"30",97889256,"0001000000000000000000"
"31",97889259,"0001000100000000000000"
"32",97889279,"0001000100000000000000"
"33",97889289,"0001000100000000000000"
"34",97889501,"0001000100000000000000"
"35",97889533,"0001000100000000000000"
"36",97889534,"0001000100000000000000"
"37",97889543,"0001000100000000000000"
"38",97889546,"0001000100000000000000"
"39",97889556,"0001000000000000000000"
"40",97889566,"0001000000000000000000"
"41",97889568,"0001000000000000000000"
"42",97889571,"0001000000000000000000"
"43",97889572,"0001000000000000000000"
"44",97889574,"0001000100000000000000"
"45",97889577,"0001000100000000000000"
"46",97889585,"0001000100000000000000"
"47",97889588,"0001000000000000000000"
"48",97889644,"0001000100000000000000"
"49",97889658,"0001000000000000000000"
"50",97889699,"0001000100000000000000"
"51",97889754,"0001000000000000000000"
"52",97889763,"0001000000000000000000"
"53",97889764,"0001000000000000000000"
"54",97889811,"0001010000000000000000"
"55",97889818,"0001000000000000000000"
"56",97889830,"0001000100000000000000"
"57",97889835,"0001000100000000000000"
"58",97889848,"0001000000000000000000"
"59",97889856,"0000010000000000000000"
"60",97889860,"0000010000000000000000"
"61",97889868,"0000010001000000000000"
"62",97889875,"0000010001000000000000"
"63",97889885,"0000010000000000000000"
"64",97889886,"0000010001000000000000"
"65",97889887,"0000010001000000000000"
"66",97889927,"0000010000000000000000"
"67",97889929,"0000010001000000000000"
"68",97889937,"0000010001000000000000"
"69",97889939,"0000010001000000000000"
"70",97889945,"0000000100010000000000"
"71",97890037,"0001000100000000000000"
"72",97890047,"0001000000000000000000"
"73",97890051,"0000010001000000000000"
"74",97890075,"0000010001000000000000"
"75",97890098,"0000010001000000000000"
"76",97890123,"0000100000000000000000"
"77",97890127,"0000010001000000000000"
"78",97890130,"0000010001000000000000"
"79",97890138,"0000010000000000000000"
"80",97890140,"0000010001000000000000"
"81",97890142,"0000010001000000000000"
"82",97890143,"0000010000000000000000"
"83",97890178,"0000010000000000000000"
"84",97890185,"0000010000000000000000"
"85",97890188,"0000010001000000000000"
"86",97890256,"0000010001000000000000"
"87",97890270,"0000100000000000000000"
"88",97890281,"0000100000000000000000"
"89",97890283,"0000010001000000000000"
"90",97890288,"0000010001000000000000"
"91",97890309,"0000010001000000000000"
"92",97890314,"0000010001000000000000"
"93",97890326,"0000010001000000000000"
"94",97890340,"0000010001000000000000"
"95",97890359,"0000010001000000000000"
"96",97890366,"0000010000000000000000"
"97",97890369,"0000010000000000000000"
"98",97890437,"0000000000000001000100"
"99",97890446,"0000000000000001000100"
"100",98848804,"0000000000000001000100"
"101",98848808,"0000000000000001000100"
"102",98848841,"0000000000000001000000"
"103",98848860,"0000000000000001010000"
"104",98848904,"0000010001000000000000"
"105",98848909,"0000010001000000000000"
"106",98848920,"0000010000000000000000"
"107",98848926,"0000010001000000000000"
"108",98848928,"0000010001000000000000"
"109",98848936,"0000010001000000000000"
"110",98848949,"0000010001000000000000"
"111",98848962,"0000010001000000000000"
"112",98848964,"0000010001000000000000"
"113",98848978,"0000100010000000000000"
"114",98849154,"0000010001000000000000"
"115",98849161,"0000010000000000000000"
"116",98849175,"0000010001000000000000"
"117",98849178,"0000010001000000000000"
"118",98849182,"0000010001000000000000"
"119",98849185,"0000010001000000000000"
"120",98849193,"0000010001000000000000"
"121",98849202,"0000010001000000000000"
"122",98849214,"0000010001000000000000"
"123",98849217,"0000010001000000000000"
"124",98849226,"0000010001000000000000"
"125",98849227,"0000010001000000000000"
"126",98849228,"0000010000000000000000"
"127",98849229,"0000010000000000000000"
"128",98849244,"0000010001000000000000"
"129",98849245,"0000010001000000000000"
"130",98849248,"0000010001000000000000"
"131",98849252,"0000010001000000000000"
"132",98849265,"0000010001000000000000"
"133",98849273,"0000010001000000000000"
"134",98849275,"0000010001000000000000"
"135",98849283,"0000010001000000000000"
"136",98849288,"0000010001000000000000"
"137",98849290,"0000010001000000000000"
"138",98849292,"0000010001000000000000"
"139",98849321,"0000010001000000000000"
"140",98849329,"0000010000000000000000"
"141",98849339,"0000010001000000000000"
"142",98849381,"0000010001000000000000"
"143",98849391,"0000010001000000000000"
"144",98849399,"0000010001000000000000"
"145",98849449,"0000000000000001000000"
"146",98849451,"0000000000000001000000"
"147",98849475,"0000000000000001000000"
"148",98849484,"0000000000000001000000"
"149",98849507,"0000010000000000000000"
"150",98849527,"0000010000000000000000"
"151",98849531,"0000010001000000000000"
"152",98849533,"0000010001000000000000"
"153",98849544,"0000010000000000000000"
"154",98849551,"0000010001000000000000"
"155",98849559,"0000010001000000000000"
"156",98849582,"0000000100010000000000"
"157",98849589,"0000000100010000000000"
"158",98849590,"0000000100010000000000"
"159",98849593,"0000000100010000000000"
"160",98849594,"0000000100010000000000"
"161",100888005,"0000000100000000000000"
"162",100888024,"0000000100010000000000"
"163",100888053,"0000000100000000000000"
"164",100888077,"0000000100010000000000"
"165",100888087,"0000000100010000000000"
"166",100888095,"0000000100010000000000"
"167",100888096,"0000000100010000000000"
"168",100888100,"0000000100010000000000"
"169",100888110,"0000000100000000000000"
"170",100888121,"0000000100010000000000"
"171",100888136,"0000000100010000000000"
"172",100888139,"0000000100010000000000"
"173",100888142,"0000000100010000000000"
"174",100888152,"0000000100010000000000"
"175",100888176,"0000000100000000000000"
"176",100888177,"0000000100010000000000"
"177",100888219,"0000000100010000000000"
"178",100888239,"0000000100010000000000"
"179",100888292,"0000000100010000000000"
"180",100888295,"0000000100010000000000"
"181",100888305,"0000000100000000000000"
"182",100888327,"0000000100010000000000"
"183",100888334,"0000000100000000000000"
"184",100888341,"0000000100010000000000"
"185",100888345,"0000000100010000000000"
"186",100888347,"0000000100000000000000"
"187",100888355,"0000000100000000000000"
"188",100888358,"0000000100000000000000"
"189",100888383,"0000000100010000000000"
"190",100888394,"0000000100010000000000"
"191",100888408,"0000000100010000000000"
"192",100888413,"0000000100010000000000"
"193",100888481,"0000000100000000000000"
"194",100888482,"0000000100010000000000"
"195",100888604,"0000000100000000000000"
"196",100888606,"0000000100000000000000"
"197",100888627,"0000000100010000000000"
"198",100888630,"0000000100000000000000"
"199",100888646,"0000000100000000000000"
"200",100888661,"0000000100000000000000"
"201",100888672,"0000000100010000000000"
"202",100888678,"0000000100010000000000"
"203",100888680,"0000000100000000000000"
"204",100888710,"0000000000000001000100"
"205",100888740,"0000000000000001000100"
"206",100888747,"0000000000000001000100"
"207",100888759,"0000000000000001000000"
"208",100888775,"0000000000000001000100"
"209",100888790,"0000000000000001000100"
"210",100888817,"0000000100010000000000"
"211",100888834,"0000000100000000000000"
"212",100888835,"0000000100000000000000"
"213",100888839,"0000000100010000000000"
"214",100888848,"0000000100010000000000"
"215",100888865,"0000000100010000000000"
"216",100888867,"0000000100010000000000"
"217",100888869,"0000000100010000000000"
"218",100888870,"0000000100000000000000"
"219",100888882,"0000000100010000000000"
"220",100888883,"0000000100010000000000"
"221",100888893,"0000000100010000000000"
"222",100888896,"0000000100010000000000"
"223",100888908,"0000000000000001000100"
"224",100888920,"0000000000000001000000"
"225",100888922,"0000000000000001000000"
"226",100888926,"0000000000000001000100"
"227",100888932,"0000000000000001000100"
"228",100888948,"0000000000000001000000"
"229",100888963,"0000000000000001000000"
"230",100888979,"0000000000000001000100"
"231",100888994,"0000000000000001000000"
"232",100888995,"0000000000000001000000"
"233",100889001,"0000000000000001000000"
"234",100889025,"0000000000000001000100"
"235",100889030,"0000000000000001000100"
"236",100889042,"0000000000000001000000"
"237",100889050,"0000000000000001000100"
"238",100889066,"0000000000000001000100"
"239",100889080,"0000000000000001000100"
"240",100889093,"0000000000000001000000"
"241",100889132,"0000000000000001000000"
"242",100889168,"0000000000000001000100"
"243",100889181,"0000000000000001000000"
"244",100889184,"0000000000000001000000"
"245",100889239,"0000000000000001000100"
"246",100889248,"0000000000000001000100"
"247",100889268,"0000000000000010001000"
"248",100889275,"0000000000000001000100"
"249",100889309,"0000000000000001000000"
"250",100889313,"0000000000000001000100"
"251",100889320,"0000000000000001000100"
"252",100889323,"0000000000000010001000"
"253",100889333,"0000000000000001000000"
"254",100889335,"0000000000000001000000"
"255",100889340,"0000000000000001000100"
"256",100889345,"0000000000000001000100"
"257",100889347,"0000000000000001000100"
"258",100889351,"0000000000000001000000"
"259",100889352,"0000000000000001000000"
"260",100889367,"0000000000000001000000"
"261",100889374,"0000000000000001000100"
"262",100889385,"0000000000000001000000"
"263",100889408,"0000000000000001000000"
"264",100889413,"0000000000000001000100"
"265",100889438,"0000000000000001000100"
"266",100889465,"0000000000000001000100"
"267",102875020,"0000000001000000000000"
"268",102875024,"0000000001000000000000"
"269",102875029,"0000000001000000000000"
"270",102875040,"0000000001000000000000"
"271",102875049,"0000000001000000000000"
"272",102875054,"0000000001000100000000"
"273",102875065,"0000000001000100000000"
"274",102875088,"0000000001000000000000"
"275",102875102,"0000000001000100000000"
"276",102875104,"0000000001000100000000"
"277",102875118,"0000000001000100000000"
"278",102875119,"0000000001000000000000"
"279",102875126,"0000000001000000000000"
"280",102875135,"0000000001000000000000"
"281",102875143,"0000000001000100000000"
"282",102875149,"0000000001000100000000"
"283",102875157,"0000000001000100000000"
"284",102875169,"0000000001000000000000"
"285",102875189,"0000000001000000000000"
"286",102875193,"0000000001000100000000"
"287",102875215,"0000000001000100000000"
"288",102875221,"0000000001000000000000"
"289",102875226,"0000000001000000000000"
"290",102875230,"0000000001000100000000"
"291",102875243,"0000000001000000000000"
"292",102875249,"0000000001000100000000"
"293",102875259,"0000000001000000000000"
"294",102875298,"0000000001000100000000"
"295",102875308,"0000000001000100000000"
"296",102875340,"0000000001000100000000"
"297",102875347,"0000000001000100000000"
"298",102875360,"0000000001000100000000"
"299",102875365,"0000000001000100000000"
"300",102875368,"0000000001000000000000"
"301",102875370,"0000000001000100000000"
"302",102875373,"0000000001000100000000"
"303",102875390,"0000000001000100000000"
"304",102875397,"0000000001000100000000"
"305",102875401,"0000000001000100000000"
"306",102875409,"0000000001000100000000"
"307",102875418,"0000000001000100000000"
"308",102875454,"0000000001000100000000"
"309",102875455,"0000000001000100000000"
"310",102875459,"0000000001000100000000"
"311",102875467,"0000000001000000000000"
"312",102875473,"0000000001000100000000"
"313",102875477,"0000000001000100000000"
"314",102875480,"0000000001000100000000"
"315",102875481,"0000000001000100000000"
"316",102875487,"0000000001000100000000"
"317",102875495,"0000000001000100000000"
"318",102875510,"0000000001000100000000"
"319",102875512,"0000000001000100000000"
"320",102875513,"0000000001000100000000"
"321",102875522,"0000000001000100000000"
"322",102875529,"0000000001000100000000"
"323",102875541,"0000000001000100000000"
"324",102875552,"0000000001000100000000"
"325",102875553,"0000000001000100000000"
"326",102875556,"0000000001000100000000"
"327",102875559,"0000000001000100000000"
"328",102875598,"0000000001000100000000"
"329",102875611,"0000000001000100000000"
"330",102875628,"0000000001000100000000"
"331",102875640,"0000000001000000000000"
"332",102875642,"0000000001000100000000"
"333",102875647,"0000000001000100000000"
"334",102875676,"0000000001000100000000"
"335",102875710,"0000000001000000000000"
"336",102875714,"0000000001000100000000"
"337",102875732,"0000000001000000000000"
"338",102875756,"0000000001000100000000"
"339",102875758,"0000000001000100000000"
"340",102875760,"0000000001000100000000"
"341",102875789,"0000000001000000000000"
"342",102875817,"0000000001000100000000"
"343",102875825,"0000000001000100000000"
"344",102875830,"0000000001000100000000"
"345",102875842,"0000000001000100000000"
"346",102875858,"0000000001000100000000"
"347",102875890,"0000000001000000000000"
"348",102875897,"0000000001000100000000"
"349",102875900,"0000000001000000000000"
"350",102875929,"0000000001000100000000"
"351",102875932,"0000000001000100000000"
"352",102875939,"0000000001000000000000"
"353",102875950,"0000000001000100000000"
"354",102875957,"0000000001000100000000"
"355",102875967,"0000000001000000000000"
"356",102875970,"0000000001000100000000"
"357",102875973,"0000000001000100000000"
"358",102875977,"0000000001000000000000"
"359",102875978,"0000000001000100000000"
"360",102875981,"0000000001000100000000"
"361",103874011,"0000000000010000000000"
"362",103874028,"0000000000010000000000"
"363",103874042,"0000000000010000000000"
"364",103874645,"0000000000010001000000"
"365",103874656,"0000000000010000000000"
"366",103874659,"0000000000010000000000"
"367",103874667,"0000000000010000000000"
"368",103874685,"0000000000010000000000"
"369",103874686,"0000000000010000000000"
"370",103874691,"0000000000010000000000"
"371",103874695,"0000000000010001000000"
"372",103874733,"0000000000010000000000"
"373",103874735,"0000000000010000000000"
"374",103874740,"0000000000010000000000"
"375",103874747,"0000000000010000000000"
"376",103874756,"0000000000010000000000"
"377",103874769,"0000000000010001000000"
"378",103874772,"0000000000010001000000"
"379",103874780,"0000000000010000000000"
"380",103874791,"0000000000010001000000"
"381",103874818,"0000000000010000000000"
"382",103874827,"0000000000010001000000"
"383",103874836,"0000000000010000000000"
"384",103874865,"0000000000010001000000"
"385",103874888,"0000000000010001000000"
"386",103874893,"0000000000010000000000"
"387",103874936,"0000000000010000000000"
"388",103874937,"0000000000010000000000"
"389",103874940,"0000000000010000000000"
"390",103874955,"0000000000010000000000"
"391",103874957,"0000000000010001000000"
"392",103874975,"0000000000010001000000"
"393",103874978,"0000000000010001000000"
"394",103874982,"0000000000010000000000"
"395",103874983,"0000000000010001000000"
"396",103874984,"0000000000010000000000"
"397",103874986,"0000000000010000000000"
"398",103875000,"0000000000010001000000"
"399",103881008,"0000000000010000000000"
"400",103881030,"0000000000010000000000"
"401",103881034,"0000000000010000000000"
"402",103881039,"0000000000010000000000"
"403",103881040,"0000000000010000000000"
"404",103881044,"0000000000010000000000"
"405",103881046,"0000000000010001000000"
"406",103881061,"0000000000010000000000"
"407",103881063,"0000000000010000000000"
"408",103881072,"0000000000010001000000"
"409",103881074,"0000000000010000000000"
"410",103881093,"0000000000010000000000"
"411",103881095,"0000000000010000000000"
"412",103881105,"0000000000010000000000"
"413",103881130,"0000000000010001000000"
"414",103881143,"0000000000010000000000"
"415",103881170,"0000000000010000000000"
"416",103881171,"0000000000010001000000"
"417",103881173,"0000000000010000000000"
"418",103881180,"0000000000010001000000"
"419",103881181,"0000000000010000000000"
"420",103881183,"0000000000010000000000"
"421",103881196,"0000000000010000000000"
"422",103881205,"0000000000010001000000"
"423",103881238,"0000000000010000000000"
"424",103881253,"0000000000010000000000"
"425",103881255,"0000000000010000000000"
"426",103881266,"0000000000010001000000"
"427",103881269,"0000000000010001000000"
"428",103881286,"0000000000010001000000"
"429",103881290,"0000000000010000000000"
"430",103881291,"0000000000010001000000"
"431",103881298,"0000000000010001000000"
"432",103881302,"0000000000010001000000"
"433",103881307,"0000000000010001000000"
"434",103881313,"0000000000010001000000"
"435",103881324,"0000000000010000000000"
"436",103881338,"0000000000010001000000"
"437",103881343,"0000000000010001000000"
"438",103881345,"0000000000010001000000"
"439",103881355,"0000000000010001000000"
"440",103881371,"0000000000010001000000"
"441",103881376,"0000000000010001000000"
"442",103881377,"0000000000010001000000"
"443",103881378,"0000000000010000000000"
"444",103881390,"0000000000010000000000"
"445",103881417,"0000000000010000000000"
"446",103881420,"0000000000010001000000"
"447",103881427,"0000000000010000000000"
"448",103881431,"0000000000010000000000"
"449",103881432,"0000000000010000000000"
"450",103881434,"0000000000010000000000"
"451",103881438,"0000000000010000000000"
"452",103881451,"0000000000010001000000"
"453",103881454,"0000000000010000000000"
"454",103881457,"0000000000010000000000"
"455",103881462,"0000000000010001000000"
"456",103881467,"0000000000010000000000"
"457",103881469,"0000000000010001000000"
"458",103881503,"0000000000010000000000"
"459",103881507,"0000000000010000000000"
"460",103881508,"0000000000010000000000"
"461",103881515,"0000000000010000000000"
"462",103881528,"0000000000010001000000"
"463",103881533,"0000000000010001000000"
"464",103881542,"0000000000010000000000"
"465",103881547,"0000000000010000000000"
"466",103881548,"0000000000010000000000"
"467",103881550,"0000000000010001000000"
"468",103881567,"0000000000010000000000"
"469",103881575,"0000000000010001000000"
"470",103881577,"0000000000010000000000"
"471",103881591,"0000000000010000000000"
"472",103881593,"0000000000010000000000"
"473",103881620,"0000000000010000000000"
"474",103881627,"0000000000010001000000"
"475",103881632,"0000000000010001000000"
"476",103881641,"0000000000010001000000"
"477",103881647,"0000000000010001000000"
"478",103881648,"0000000000010001000000"
"479",103881653,"0000000000010000000000"
"480",103881675,"0000000000010000000000"
"481",103881676,"0000000000010000000000"
"482",103881686,"0000000000010000000000"
"483",103881693,"0000000000010000000000"
"484",103881696,"0000000000010000000000"
"485",103881706,"0000000000010001000000"
"486",103881745,"0000000000010000000000"
"487",103881786,"0000000000010000000000"
"488",103881787,"0000000000010000000000"
"489",103881801,"0000000000010000000000"
"490",103881804,"0000000000010001000000"
"491",103881806,"0000000000010001000000"
"492",103881808,"0000000000010001000000"
"493",103881811,"0000000000010001000000"
"494",103881814,"0000000000010001000000"
"495",103881826,"0000000000010001000000"
"496",103881830,"0000000000010001000000"
"497",103881832,"0000000000010001000000"
"498",103881845,"0000000000010001000000"
"499",103881849,"0000000000010001000000"
"500",103881855,"0000000000010001000000"
"501",103881867,"0000000000010001000000"
"502",103881953,"0000000000000100010000"
"503",103881969,"0000000000000100000000"
"504",103887027,"0000000000000100000000"
"505",103887048,"0000000000000100010000"
"506",103887049,"0000000000000100010000"
"507",103887050,"0000000000000100010000"
"508",103887052,"0000000000000100000000"
"509",103887060,"0000000000000100010000"
"510",103887063,"0000000000000100010000"
"511",103887064,"0000000000000100000000"
"512",103887067,"0000000000000100000000"
"513",103887068,"0000000000000100000000"
"514",103887079,"0000000000000100000000"
"515",103887092,"0000000000000100000000"
"516",103887097,"0000000000000100000000"
"517",103887103,"0000000000000100000000"
"518",103887109,"0000000000000100010000"
"519",103887112,"0000000000000100010000"
"520",103887118,"0000000000000100010000"
"521",103887120,"0000000000000100000000"
"522",103887129,"0000000000000100000000"
"523",103887134,"0000000000000100000000"
"524",103887169,"0000000000000100000000"
"525",103887174,"0000000000000100010000"
"526",103887176,"0000000000000100010000"
"527",103887196,"0000000000000100010000"
"528",103887232,"0000000000000100000000"
"529",103887238,"0000000000000100000000"
"530",103887243,"0000000000001000100000"
"531",103887248,"0000000000000100000000"
"532",103887294,"0000000000000100010000"
"533",103887332,"0000000000000000010000"
"534",103887335,"0000000000000000010000"
"535",103887359,"0000000000000000010001"
"536",103887363,"0000000000000000010000"
"537",103887419,"0000000000000100000000"
"538",103887425,"0000000000000100000000"
"539",103887435,"0000000000000100010000"
"540",103887450,"0000000000000100010000"
"541",103887461,"0000000000000100000000"
"542",103887470,"0000000000000100000000"
"543",103887476,"0000000000000100000000"
"544",103887477,"0000000000000100000000"
"545",103887479,"0000000000000100010000"
"546",103887481,"0000000000000100000000"
"547",104898008,"0000000000000100000000"
"548",104898020,"0000000000000100000000"
"549",104898030,"0000000000000100010000"
"550",104898037,"0000000000000100010000"
"551",104898043,"0000000000000100010000"
"552",104898065,"0000000000000100010000"
"553",104898067,"0000000000000100010000"
"554",104898072,"0000000000000100010000"
"555",104898083,"0000000000000100000000"
"556",104898086,"0000000000000100000000"
"557",104898091,"0000000000000100010000"
"558",104898102,"0000000000000100000000"
"559",104898107,"0000000000000100010000"
"560",104898112,"0000000000000100010000"
"561",104898114,"0000000000000100010000"
"562",104898116,"0000000000000100010000"
"563",104898117,"0000000000000100010000"
"564",104898123,"0000000000000100010000"
"565",104898133,"0000000000000100000000"
"566",104898136,"0000000000000100010000"
"567",104898139,"0000000000000100010000"
"568",104898148,"0000000000000100000000"
"569",104898159,"0000000000000100010000"
"570",104898161,"0000000000000100010000"
"571",104898166,"0000000000000100000000"
"572",104898169,"0000000000000100010000"
"573",104898179,"0000000000000100000000"
"574",104898180,"0000000000000100010000"
"575",104898211,"0000000000000100000000"
"576",104898220,"0000000000000100000000"
"577",104898237,"0000000000000100000000"
"578",104898268,"0000000000000100000000"
"579",104898287,"0000000000000100010000"
"580",104898292,"0000000000000100010000"
"581",104898296,"0000000000000100000000"
"582",104898298,"0000000000000100010000"
"583",104898305,"0000000000000100000000"
"584",104898307,"0000000000000100000000"
"585",104898311,"0000000000000100010000"
"586",104898325,"0000000000000100010000"
"587",104898367,"0000000000000100000000"
"588",104898373,"0000000000000100000000"
"589",104898402,"0000000000000100010000"
"590",104898419,"0000000000000100010000"
"591",104898428,"0000000000000100010000"
"592",104898441,"0000000000000100000000"
"593",104898443,"0000000000000100010000"
"594",104898460,"0000000000000100000000"
"595",104898463,"0000000000000100010000"
"596",104898479,"0000000000000100010000"
"597",104898484,"0000000000000100010000"
"598",104898486,"0000000000000100000000"
"599",104898508,"0000000000000100010000"
"600",104898544,"0000000000000100010000"
"601",104898599,"0000000000000100010000"
"602",104898608,"0000000000000100000000"
"603",104898627,"0000000000000100000000"
"604",104898635,"0000000000000100000000"
"605",104898677,"0000000000000001000100"
"606",104898692,"0000000000000001000100"
"607",104898695,"0000000000000001000100"
"608",104898717,"0000000000000001000100"
"609",104898812,"0000000000000001000000"
"610",104898838,"0000000000000001000000"
"611",104898848,"0000000000000001000000"
"612",104898857,"0000000000000001000100"
"613",104898866,"0000000000000001000100"
"614",104898870,"0000000000000001000000"
"615",104898876,"0000000000000001000000"
"616",107821030,"0000000000000000010000"
"617",107821042,"0000000000000000010000"
"618",107821057,"0000000000000000010000"
"619",107821058,"0000000000000000010000"
"620",107821060,"0000000000000000010000"
"621",107821061,"0000000000000000010000"
"622",107821063,"0000000000000000010000"
"623",107821064,"0000000000000000010000"
"624",107821065,"0000000000000000010000"
"625",107821066,"0000000000000000010000"
"626",107821070,"0000000000000000010000"
"627",107821116,"0000000000000000000100"
"628",107821121,"0000000000000000000100"
"629",107821148,"0000000000000000000100"
"630",107821153,"0000000000000000000100"
"631",107821156,"0000000000000000000100"
"632",107821160,"0000000000000000000100"
"633",107821171,"0000000000000000000100"
"634",107821187,"0000000000000000000100"
"635",107821251,"0000000000000000010001"
"636",107821300,"0000000000000000010001"
"637",107821304,"0000000000000000010000"
"638",107821307,"0000000000000000010000"
"639",107821321,"0000000000000000010000"
"640",107821331,"0000000000000000010000"
"641",107821336,"0000000000000000010000"
"642",107821344,"0000000000000000010001"
"643",107821349,"0000000000000000010000"
"644",107821364,"0000000000000000010000"
"645",107821365,"0000000000000000010001"
"646",107821367,"0000000000000000010000"
"647",107821372,"0000000000000000010000"
"648",107821374,"0000000000000000010000"
"649",107821391,"0000000000000000010001"
"650",107821415,"0000000000000000010000"
"651",107821420,"0000000000000000010000"
"652",107821424,"0000000000000000101000"
"653",107821432,"0000000000000000010001"
"654",107821464,"0000000000000000010000"
"655",107821469,"0000000000000000010000"
"656",107821473,"0000000000000000010001"
"657",107821477,"0000000000000000010001"
"658",107821484,"0000000000000000010000"
"659",107821501,"0000000000000000010001"
"660",107821517,"0000000000000000010100"
"661",107821557,"0000000000000000010000"
"662",107821562,"0000000000000000010000"
"663",107821564,"0000000000000000010000"
"664",107821565,"0000000000000000010000"
"665",107821585,"0000000000000000010000"
"666",107821586,"0000000000000000010000"
"667",107821598,"0000000000000000010000"
"668",107821605,"0000000000000000010000"
"669",107821606,"0000000000000000010001"
"670",107821622,"0000000000000000010000"
"671",107821628,"0000000000000000010000"
"672",107821674,"0000000000000000010001"
"673",107821683,"0000000000000000010001"
"674",107821700,"0000000000000000010001"
"675",107821737,"0000000000000000010001"
"676",107821740,"0000000000000000010001"
"677",107821748,"0000000000000000010001"
"678",107821753,"0000000000000000010000"
"679",107821771,"0000000000000000010000"
"680",107821780,"0000000000000000010000"
"681",107821783,"0000000000000000010000"
"682",107821795,"0000000000000000010000"
"683",107821802,"0000000000000000010000"
"684",107821819,"0000000000000000010000"
"685",107821825,"0000000000000000010000"
"686",107821827,"0000000000000000010001"
"687",107821834,"0000000000000000010000"
"688",107821838,"0000000000000000010000"
"689",107821840,"0000000000000000010001"
"690",107821841,"0000000000000000010001"
"691",107821842,"0000000000000000010000"
"692",107821861,"0000000000000000010000"
"693",107821874,"0000000000000000010000"
"694",107821891,"0000000000000000010000"
"695",107821925,"0000000000000000010001"
"696",107822001,"0000000000000000010001"
"697",107822025,"0000000000000000010001"
"698",107822076,"0000000000000000010000"
"699",107822079,"0000000000000000010000"
"700",107822093,"0000000000000000010000"
"701",107822134,"0000000000000000010001"
"702",107822147,"0000000000000000010001"
"703",107822157,"0000000000000000010001"
"704",107822189,"0000000000000000010000"
"705",107822195,"0000000000000000010000"
"706",107822200,"0000000000000000100000"
"707",107822250,"0000000000000000010000"
"708",107822313,"0000000000000000010000"
"709",107822320,"0000000000000000010000"
"710",107822341,"0000000000000000010000"
"711",107822349,"0000000000000000010000"
"712",107822352,"0000000000000000010000"
"713",107822355,"0000000000000000010000"
"714",107822360,"0000000000000000010000"
"715",107822362,"0000000000000000010000"
"716",107822363,"0000000000000000010001"
"717",107822385,"0000000000000000000100"
"718",107822387,"0000000000000000000100"
"719",107822392,"0000000000000000000100"
"720",107822398,"0000000000000000000100"
"721",107822403,"0000000000000000000100"
"722",107822429,"0000000000000000000100"
"723",107822431,"0000000000000000000101"
"724",107822459,"0000000000000000000100"
"725",107822477,"0000000000000000000100"
"726",113831307,"0000000000000000000100"
"727",113831327,"0000000000000000000100"
"728",113831338,"0000000000000000000100"
"729",113831339,"0000000000000000000100"
"730",113831389,"0000000000000000000100"
"731",113831390,"0000000000000000000100"
"732",113831391,"0000000000000000000100"
"733",113831393,"0000000000000000000100"
"734",113831408,"0000000000000000000100"
"735",113831412,"0000000000000000000100"
"736",113831450,"0000000000000000000100"
"737",113831452,"0000000000000000000100"
"738",113831486,"0000000000000000000100"
"739",113831504,"0000000000000000000100"
"740",113831560,"0000000000000000000100"
"741",113831601,"0000000000000000000100"
"742",113831619,"0000000000000000000100"
"743",113831660,"0000000000000000000100"
"744",113831667,"0000000000000000000100"
"745",113831670,"0000000000000000000100"
"746",113831674,"0000000000000000000100"
"747",113831675,"0000000000000000001010"
"748",113831679,"0000000000000000000100"
"749",113831680,"0000000000000000000100"
"750",113831685,"0000000000000000000100"
"751",113831690,"0000000000000000000100"
"752",113831695,"0000000000000000000100"
"753",113831696,"0000000000000000000100"
"754",113831698,"0000000000000000000100"
"755",113831703,"0000000000000000000100"
"756",113831707,"0000000000000000000100"
"757",113831719,"0000000000000000000100"
"758",113831723,"0000000000000000000100"
"759",113831725,"0000000000000000000100"
"760",113831749,"0000000000000000000100"
"761",113831762,"0000000000000000000100"
"762",113831779,"0000000000000000000100"
"763",113831783,"0000000000000000000100"
"764",113831791,"0000000000000000000100"
"765",113842003,"0000000000000000000100"
"766",113842024,"0000000000000000000100"
"767",113842034,"0000000000000000000100"
"768",113842041,"0000000000000000000100"
"769",113842081,"0000000000000000000100"
"770",113842120,"0000000000000000000100"
"771",113842129,"0000000000000000000100"
"772",113842146,"0000000000000000000100"
"773",113842156,"0000000000000000000100"
"774",113842160,"0000000000000000000100"
"775",113842187,"0000000000000000000100"
"776",113842209,"0000000000000000000100"
"777",113842218,"0000000000000000000100"
"778",113842306,"0000000000000000000100"
"779",113842317,"0000000000000000000100"
"780",113842323,"0000000000000000000100"
"781",113842333,"0000000000000000000100"
"782",113842352,"0000000000000000000100"
"783",113842382,"0000000000000000000100"
"784",113842396,"0000000000000000000100"
"785",113842401,"0000000000000000000100"
"786",113842420,"0000000000000000000100"
"787",113842429,"0000000000000000000100"
"788",113842431,"0000000000000000000100"
"789",113842443,"0000000000000000000100"
"790",113842454,"0000000000000000000100"
"791",113842493,"0000000000000000000100"
"792",113842511,"0000000000000000000100"
"793",113842515,"0000000000000000000100"
"794",113842534,"0000000000000000000100"
"795",113842558,"0000000000000000000100"
"796",113842561,"0000000000000000000100"
"797",113842605,"0000000000000000000100"
"798",113842618,"0000000000000000000100"
"799",113842626,"0000000000000000000100"
"800",113842656,"0000000000000000000100"
"801",113842759,"0000000000000000000100"
"802",113842829,"0000000000000000000100"
"803",113842832,"0000000000000000000100"
"804",113842845,"0000000000000000000100"
"805",113842846,"0000000000000000000100"
"806",113842859,"0000000000000000000100"
"807",113842867,"0000000000000000000100"
"808",113842877,"0000000000000000000100"
"809",113842890,"0000000000000000000100"
"810",113842893,"0000000000000000000100"
"811",113842912,"0000000000000000000100"
"812",113842922,"0000000000000000000100"
"813",113842938,"0000000000000000000100"
"814",113842940,"0000000000000000000100"
"815",113842944,"0000000000000000000100"
"816",113842950,"0000000000000000000100"
"817",113842960,"0000000000000000000100"
"818",113842964,"0000000000000000000100"
"819",113842967,"0000000000000000000100"
"820",113842972,"0000000000000000000101"
"821",113842983,"0000000000000000000100"
"822",113842993,"0000000000000000000100"
"823",113843000,"0000000000000000000100"
